Genome,TF,Operon,Strand,Sequence,StartPos,EndPos,RightFlank,LeftFlank,Regulation
NC_018143,DevR,devRS,complementary,GGACTAACGGCCCT,3500841,3500855,CAGGTGGGGACCAACGCCCCTGGGAGATAGCGGTCCCCGCCAGTAACGTA,GGTGAGATTCATTCTCGCCCTGACGGGTTGCGTCTGTCATCGGTCGATAA,activation
NC_018143,DevR,devRS,complementary,GGACCAACGCCCCT,3500820,3500834,GGGAGATAGCGGTCCCCGCCAGTAACGTACCGCTGAACCGACGGGATGTA,GACGGGTTGCGTCTGTCATCGGTCGATAAGGACTAACGGCCCTCAGGTGG,activation
NC_018143,DevR,hspX,complementary,GGTCAATGGTCCCC,2279061,2279075,AAGTGGATCACCGACGGGCGCGGACAAATGGCCCGCGCTTCGGGGACTTC,GCTGTTCGATATCACCCCGATCTTTCTGAACGGCGGTTGGCAGACAACAG,activation
NC_018143,DevR,hspX,complementary,GGACAAATGGCCCG,2279026,2279040,CGCTTCGGGGACTTCTGTCCCTAGCCCTGGCCACGATGGGCTGGTCGGAT,GTTGGCAGACAACAGGGTCAATGGTCCCCAAGTGGATCACCGACGGGCGC,activation
NC_018143,DevR,hspX,complementary,GGACTTCTGTCCCT,2279004,2279018,AGCCCTGGCCACGATGGGCTGGTCGGATCAAAGGCATCCGTTTCCATCGA,GGTCCCCAAGTGGATCACCGACGGGCGCGGACAAATGGCCCGCGCTTCGG,activation
NC_018143,DevR,Rv2623,original,GGACCTAAGCCCGT,2949475,2949489,TGGGCTAGTGACAAACGCCTCCTGAGCAAAACCCTCCTCCCCCGTTACCG,GCCGTCGCCATTGTCGCGCACAAACCGCACGTCGATTCGTGATCCATTGA,repression
NC_018143,DevR,Rv2623,original,GTGACAAACGCCTC,2949496,2949510,CTGAGCAAAACCCTCCTCCCCCGTTACCGTCGTGCGGTAGGGACAAGCCA,AAACCGCACGTCGATTCGTGATCCATTGAGGACCTAAGCCCGTTGGGCTA,repression
NC_018143,DevR,Rv1738,original,GCCGGAAGTCCCCA,1965472,1965486,ATGTGGCAGACCTTTCGCCCCTGGCGGACGAATGACCCCAGTGGCCGGGA,CCGGACAGCCATGCGCTAACCCTGGCTTCGATGGCGCCGGCTCAGTTAGG,activation
NC_018143,DevR,Rv1738,original,GACGAATGACCCCA,1965512,1965526,GTGGCCGGGACTTCAGGCCCTATCGGAGGGCTCCGGCGCGGTGGTCGGAT,CTCAGTTAGGGCCGGAAGTCCCCAATGTGGCAGACCTTTCGCCCCTGGCG,activation
NC_018143,DevR,Rv1738,original,GACTTCAGGCCCTA,1965534,1965548,TCGGAGGGCTCCGGCGCGGTGGTCGGATTTGTCTGTGGAGGTTACACCCC,CAATGTGGCAGACCTTTCGCCCCTGGCGGACGAATGACCCCAGTGGCCGG,activation
